,eda_mean,eda_n_scr_peaks,eda_slope,eda_std,emg_mean_abs,emg_std,hrv_mean_hr_bpm,hrv_rmssd_ms,hrv_sdnn_ms,resp_rate_per_min,resp_std,temp_mean,temp_std
eda_mean,1.0,-0.21258094584214038,0.0375919989364647,0.2719118056475876,-0.029700244869642636,-0.055627149008146616,-0.03216141560673763,-0.18642044687341322,-0.15048324470850594,0.010547250131727167,0.017886041648811173,0.26821321847702617,-0.021241484800581314
eda_n_scr_peaks,-0.21258094584214038,1.0,-0.15160719701672365,-0.5474985878021489,-0.08821969653691598,-0.0710243810184151,-0.40830532717588086,0.357254090225805,0.35230266317867553,0.04240195715805884,-0.31364968430788975,-0.19163354762780968,-0.2309656771404071
eda_slope,0.0375919989364647,-0.15160719701672365,1.0,0.318362965571958,0.09270886400380322,0.09041321749001073,0.11940420658500905,-0.051185211676027006,-0.05754616926413659,0.002185935621510312,0.17796918623382424,0.034663472587916765,0.06489890409455894
eda_std,0.2719118056475876,-0.5474985878021489,0.318362965571958,1.0,0.0009580190674524323,-0.011316913242861557,0.32523997129916227,-0.1842111091978033,-0.16369120991933342,0.07484961696793091,0.44190372502734687,0.18911080797417323,0.4036881802210603
emg_mean_abs,-0.029700244869642636,-0.08821969653691598,0.09270886400380322,0.0009580190674524323,1.0,0.9864175744145244,0.04583948216464164,-0.050760378577534945,0.026066354077173035,-0.03725996452726194,0.3299149482294593,-0.2824934897166543,-0.01861307740972779
emg_std,-0.055627149008146616,-0.0710243810184151,0.09041321749001073,-0.011316913242861557,0.9864175744145244,1.0,0.04723034704921523,-0.0400489487869285,0.04256030497125132,-0.03218043982744269,0.3523139266221165,-0.3033250669413481,-0.010149679214020286
hrv_mean_hr_bpm,-0.03216141560673763,-0.40830532717588086,0.11940420658500905,0.32523997129916227,0.04583948216464164,0.04723034704921523,1.0,-0.19754286319911338,-0.3012777073620071,-0.11053735695410362,0.31874966390038517,0.3869182757781642,0.10267352849313842
hrv_rmssd_ms,-0.18642044687341322,0.357254090225805,-0.051185211676027006,-0.1842111091978033,-0.050760378577534945,-0.0400489487869285,-0.19754286319911338,1.0,0.929397811555546,0.08911969788190388,-0.16748782161557865,0.12312468139787991,0.018704769397889384
hrv_sdnn_ms,-0.15048324470850594,0.35230266317867553,-0.05754616926413659,-0.16369120991933342,0.026066354077173035,0.04256030497125132,-0.3012777073620071,0.929397811555546,1.0,0.07045496531948212,-0.06015094151038696,0.06754941885443838,0.02607300812611658
resp_rate_per_min,0.010547250131727167,0.04240195715805884,0.002185935621510312,0.07484961696793091,-0.03725996452726194,-0.03218043982744269,-0.11053735695410362,0.08911969788190388,0.07045496531948212,1.0,-0.11284007299082376,-0.052986965421749486,0.13413077227662765
resp_std,0.017886041648811173,-0.31364968430788975,0.17796918623382424,0.44190372502734687,0.3299149482294593,0.3523139266221165,0.31874966390038517,-0.16748782161557865,-0.06015094151038696,-0.11284007299082376,1.0,-0.017006332573742892,0.15638657262601094
temp_mean,0.26821321847702617,-0.19163354762780968,0.034663472587916765,0.18911080797417323,-0.2824934897166543,-0.3033250669413481,0.3869182757781642,0.12312468139787991,0.06754941885443838,-0.052986965421749486,-0.017006332573742892,1.0,0.010816779344660516
temp_std,-0.021241484800581314,-0.2309656771404071,0.06489890409455894,0.4036881802210603,-0.01861307740972779,-0.010149679214020286,0.10267352849313842,0.018704769397889384,0.02607300812611658,0.13413077227662765,0.15638657262601094,0.010816779344660516,1.0
