channel,label_name,mean,std
ACC_magnitude,amusement,0.9275950249660223,0.008568111738600441
ACC_magnitude,baseline,0.934706604532929,0.009497025109195542
ACC_magnitude,stress,0.9246422065558395,0.024831678290898433
ACC_x,amusement,0.8358918184662453,0.015920464284693795
ACC_x,baseline,0.7706224890913198,0.03853144089147532
ACC_x,stress,0.8492221872142842,0.031676280168052656
ACC_y,amusement,-0.02066867323410809,0.019602927501895247
ACC_y,baseline,-0.04944688726355529,0.04843570346632875
ACC_y,stress,-0.0088676874727689,0.03446614452575676
ACC_z,amusement,-0.33766047329625604,0.03996538045061453
ACC_z,baseline,-0.3910843182929481,0.10778786465392479
ACC_z,stress,-0.26549491519665996,0.07152730868105979
ecg,amusement,0.001142075203776508,0.24524169778993346
ecg,baseline,0.0011493851057078907,0.2503948829369162
ecg,stress,0.0010108625716389631,0.29476961350141634
eda,amusement,4.422056512977454,0.09631283076918071
eda,baseline,3.9062621619530997,0.3022574718340799
eda,stress,5.964400451749234,0.531266676197707
emg,amusement,-0.003136638580340077,0.010294042588446933
emg,baseline,-0.0029181291452872876,0.013815868930349227
emg,stress,-0.0029126710478549088,0.01469465700656026
resp,amusement,0.05393404017556265,3.157472436521353
resp,baseline,0.05584945992045939,2.786550021724416
resp,stress,0.04905401971555485,4.553653585967478
temp,amusement,34.087571461995445,0.07005041589339574
temp,baseline,33.43734703063965,0.27237823953231177
temp,stress,34.12734438578288,0.42175177882115045
