subject_id,label_name,channel,mean,std,min,max
S10,baseline,ACC_x,0.8893437147108753,0.02144979946454955,0.7134000062942505,1.1031999588012695
S10,baseline,ACC_y,0.020862464844819708,0.06288408674509718,-0.19019997119903564,0.22979998588562012
S10,baseline,ACC_z,-0.04224892340041246,0.20144397305238768,-0.40859997272491455,0.4742000102996826
S10,baseline,ACC_magnitude,0.915466163372193,0.008266627256388664,0.7233963814726397,1.116869622085407
S10,baseline,ecg,0.0013059362453063522,0.16863706323108557,-1.0702056884765625,1.4219512939453125
S10,baseline,emg,-0.0023827549008422558,0.009828080594350615,-0.1332550048828125,0.1298675537109375
S10,baseline,eda,0.7875121035818327,0.0302615484326115,0.45318603515625,0.96435546875
S10,baseline,temp,34.29079055786133,0.11803573369979858,33.8050537109375,34.57720947265625
S10,baseline,resp,0.06129559385285828,2.601557437651196,-12.84332275390625,11.72332763671875
S10,stress,ACC_x,0.7536960736558942,0.02054397344243937,0.5546000003814697,1.0202000141143799
S10,stress,ACC_y,0.06679329033168079,0.02498215544111292,-0.17419999837875366,0.20280003547668457
S10,stress,ACC_z,-0.5410519584939985,0.03670272441362766,-0.7825999855995178,0.03939998149871826
S10,stress,ACC_magnitude,0.93138181530931,0.013323058719331154,0.6830705120456799,1.1435331140171925
S10,stress,ecg,0.0012605860818195812,0.15400695363464317,-1.0217742919921875,1.0754241943359375
S10,stress,emg,-0.002637871141856527,0.008916527354347437,-0.0979156494140625,0.0936126708984375
S10,stress,eda,1.8428651646205356,0.18024751916398626,1.2363433837890625,2.2579193115234375
S10,stress,temp,35.42585372924805,0.2979053556919098,34.58489990234375,35.778045654296875
S10,stress,resp,0.06940165101600985,4.141222029974443,-19.25506591796875,18.61114501953125
S10,amusement,ACC_x,0.7079074855265529,0.007487954567580299,0.6576000452041626,0.8042000532150269
S10,amusement,ACC_y,0.022296542267554,0.006407047596559037,-0.049799978733062744,0.09060001373291016
S10,amusement,ACC_z,-0.6172824421092388,0.010156022499689984,-0.6818000078201294,-0.5013999938964844
S10,amusement,ACC_magnitude,0.9395993143320521,0.004598936857924438,0.8582049098608046,1.0315957371399207
S10,amusement,ecg,0.0012610269361926663,0.12329355883460355,-0.7749481201171875,0.9756317138671875
S10,amusement,emg,-0.002528610581077189,0.007899352070269088,-0.0579071044921875,0.0764007568359375
S10,amusement,eda,0.9204971090806061,0.016971223998180934,0.6103515625,1.08184814453125
S10,amusement,temp,34.40476989746094,0.05492382496595383,34.24658203125,34.653961181640625
S10,amusement,resp,0.05325878160889797,2.5668981317937045,-9.74273681640625,11.00006103515625
S11,baseline,ACC_x,0.8783151242453019,0.011861852860135195,0.7869999408721924,0.9869999885559082
S11,baseline,ACC_y,0.060658838857317085,0.03436407515667024,-0.08819997310638428,0.19659996032714844
S11,baseline,ACC_z,-0.2444989297465031,0.040890840497837706,-0.4017999768257141,0.08619999885559082
S11,baseline,ACC_magnitude,0.9153420438395584,0.006267031803982044,0.8204882622680207,1.0069227998775563
S11,baseline,ecg,0.0010720055420808585,0.27328460464526627,-0.5863494873046875,1.4994964599609375
S11,baseline,emg,-0.0034664963174963113,0.011654862057068604,-0.3175506591796875,0.2697601318359375
S11,baseline,eda,6.088027457636724,0.13534967485006147,5.6262969970703125,6.7638397216796875
S11,baseline,temp,34.36005401611328,0.29994404315948486,33.59588623046875,34.8631591796875
S11,baseline,resp,0.05021871054143651,2.6011964050146026,-17.63763427734375,11.12213134765625
S11,stress,ACC_x,0.8976024193886448,0.02051077648088361,0.7258000373840332,1.0694000720977783
S11,stress,ACC_y,0.008377252965915103,0.027446915932203893,-0.24500000476837158,0.22979998588562012
S11,stress,ACC_z,-0.1859907001814171,0.04283633165857506,-0.4390000104904175,0.08980000019073486
S11,stress,ACC_magnitude,0.9181633725926788,0.018379877551737065,0.7756556030122499,1.08585963467394
S11,stress,ecg,0.001011694547508945,0.35380266303028046,-0.8789520263671875,1.4994964599609375
S11,stress,emg,-0.0035594030748896236,0.012737363691879073,-0.1833343505859375,0.1427764892578125
S11,stress,eda,6.962247636939297,0.33022187525748414,6.1817169189453125,7.78045654296875
S11,stress,temp,34.56113815307617,0.03446540981531143,34.4239501953125,34.7369384765625
S11,stress,resp,0.05417831164448201,3.262665418702154,-8.15277099609375,14.35089111328125
S11,amusement,ACC_x,0.8549448493548802,0.01195348492942746,0.7394000291824341,0.9581999778747559
S11,amusement,ACC_y,0.008013280578512952,0.01156491492525283,-0.08179998397827148,0.0793999433517456
S11,amusement,ACC_z,-0.34980817447607376,0.02882901782234359,-0.6110000014305115,-0.11619997024536133
S11,amusement,ACC_magnitude,0.9243375076253578,0.008281567429002155,0.7764400560369809,1.1015710315049108
S11,amusement,ecg,0.0011240978714842234,0.27401747277084143,-0.6190338134765625,1.4994964599609375
S11,amusement,emg,-0.0038068305779688106,0.00896879162042873,-0.2124481201171875,0.1782989501953125
S11,amusement,eda,6.322319556467281,0.02430470407675802,5.9783935546875,6.5113067626953125
S11,amusement,temp,35.00001907348633,0.04976928234100342,34.81695556640625,35.19512939453125
S11,amusement,resp,0.04386069611733004,3.439839823797652,-15.594482421875,12.95318603515625
S13,baseline,ACC_x,0.870605324872788,0.03959630054158226,0.579200029373169,1.5534000396728516
S13,baseline,ACC_y,0.026649994712640984,0.12283581125005803,-0.3378000259399414,0.409000039100647
S13,baseline,ACC_z,-0.15582404961281926,0.20661987010905902,-0.6908000111579895,0.3938000202178955
S13,baseline,ACC_magnitude,0.9176188240557223,0.016399888941449215,0.6106605925087102,1.565696349577771
S13,baseline,ecg,0.001047854801349552,0.23952781717410981,-0.62384033203125,1.4993133544921875
S13,baseline,emg,-0.0030180203751574036,0.013317232657101476,-0.17449951171875,0.24833679199218747
S13,baseline,eda,2.3517164826641794,0.025882614862071822,2.0267486572265625,2.5981903076171875
S13,baseline,temp,33.50519561767578,0.2528418302536011,32.7139892578125,34.199249267578125
S13,baseline,resp,0.05270825486655264,4.404112947856353,-20.9686279296875,17.38128662109375
S13,stress,ACC_x,0.8732452227270131,0.027933550652290202,0.5241999626159668,1.2214000225067139
S13,stress,ACC_y,-0.04218919641243714,0.06891563269499806,-0.44179999828338623,0.39760005474090576
S13,stress,ACC_z,-0.2812981229303677,0.09237864718229727,-0.5778000354766846,0.4010000228881836
S13,stress,ACC_magnitude,0.9257116087051375,0.024233466924882607,0.5906878164901603,1.2752235877526277
S13,stress,ecg,0.0011340767996651786,0.24250218491964762,-0.7180023193359375,1.4994964599609375
S13,stress,emg,-0.0033640613982681565,0.01190320018648745,-0.164154052734375,0.1837005615234375
S13,stress,eda,4.597669260021742,0.794876622073972,3.2131195068359375,6.635284423828125
S13,stress,temp,34.34566879272461,0.1831337809562683,33.947906494140625,34.86468505859375
S13,stress,resp,0.064943756786353,7.389153965965895,-27.88238525390625,37.88604736328125
S13,amusement,ACC_x,0.9041563617238021,0.023370944379240515,0.6125999689102173,1.3682000637054443
S13,amusement,ACC_y,-0.09262754244330042,0.04216757717190779,-0.37300002574920654,0.12179994583129883
S13,amusement,ACC_z,-0.1544693680964661,0.05835001312517183,-0.43140000104904175,0.1303999423980713
S13,amusement,ACC_magnitude,0.9247526229572032,0.022382799557617704,0.6450156666618129,1.3836247850451682
S13,amusement,ecg,0.0011248501397463128,0.22753546692995408,-0.5220794677734375,1.4992218017578125
S13,amusement,emg,-0.0029624092141995254,0.01282374264582204,-0.093017578125,0.1327056884765625
S13,amusement,eda,2.777720269464965,0.10749099781022972,2.3471832275390625,2.997589111328125
S13,amusement,temp,34.14301300048828,0.04945482313632965,33.915924072265625,34.38568115234375
S13,amusement,resp,0.04566336427059473,4.757737005719499,-19.40155029296875,22.2076416015625
S14,baseline,ACC_x,0.704397531213974,0.03044778782695854,0.5592000484466553,0.9953999519348145
S14,baseline,ACC_y,-0.006875147680970716,0.018992740533153144,-0.370199978351593,0.12300002574920654
S14,baseline,ACC_z,-0.6194859471615521,0.05738005162983819,-0.8388000130653381,0.08459997177124023
S14,baseline,ACC_magnitude,0.9404869371484454,0.007111379705529491,0.8226126543079207,1.0698639330046407
S14,baseline,ecg,0.0009092876258831624,0.28482284348733355,-0.743408203125,1.4995880126953125
S14,baseline,emg,-0.0028932504538473724,0.008550424362769858,-0.1727142333984375,0.2827606201171875
S14,baseline,eda,2.8078989772473353,0.020432774310065595,2.4669647216796875,3.0094146728515625
S14,baseline,temp,33.60405731201172,0.25778457522392273,32.761871337890625,34.11993408203125
S14,baseline,resp,0.05327844873756243,3.4273826249369845,-18.76068115234375,26.89056396484375
S14,stress,ACC_x,0.8110085653287393,0.06541311063660407,0.5678000450134277,1.1793999671936035
S14,stress,ACC_y,0.04199893368930413,0.04006399993416052,-0.3205999732017517,0.3960000276565552
S14,stress,ACC_z,-0.4140136777732738,0.1514421981777665,-0.7986000180244446,0.6929999589920044
S14,stress,ACC_magnitude,0.9269570069352339,0.02180767450779932,0.7231757264210144,1.2292912933795699
S14,stress,ecg,0.0009804841541108632,0.3929457149040475,-1.433624267578125,1.4999542236328125
S14,stress,emg,-0.003168859669518849,0.014629519560426104,-0.1986236572265625,0.20343017578125
S14,stress,eda,2.9649714862480367,0.031799311537019585,2.61077880859375,3.18450927734375
S14,stress,temp,34.15284729003906,0.1297624707221985,33.838470458984375,34.534271240234375
S14,stress,resp,0.010779357587218916,6.1548134701771735,-30.39398193359375,35.91461181640625
S14,amusement,ACC_x,0.8741162414729796,0.00852221543078776,0.743399977684021,1.132200002670288
S14,amusement,ACC_y,0.06586889892158583,0.018320523052765037,-0.08840000629425049,0.17219996452331543
S14,amusement,ACC_z,-0.2666395796929676,0.02498483732814002,-0.6150000095367432,0.08340001106262207
S14,amusement,ACC_magnitude,0.9167860204610297,0.007105308941240523,0.768458873826017,1.1934698036789664
S14,amusement,ecg,0.0005405296276373986,0.30227797040768106,-1.0495147705078125,1.4999542236328125
S14,amusement,emg,-0.0032681356344772703,0.009047135305611246,-0.06463623046875,0.05767822265625
S14,amusement,eda,3.004323491077786,0.04395373843167952,2.68707275390625,3.179168701171875
S14,amusement,temp,34.18111038208008,0.05263219028711319,34.010284423828125,34.3841552734375
S14,amusement,resp,0.03826789399337764,5.308372472777656,-20.76873779296875,32.3638916015625
S15,baseline,ACC_x,0.862822842038946,0.0762389132289093,0.5795999765396118,1.2690000534057617
S15,baseline,ACC_y,0.038633454731242634,0.05097358252055431,-0.23500001430511475,0.39020001888275146
S15,baseline,ACC_z,-0.07547603052358134,0.28476789610199993,-0.34039998054504395,0.7862000465393066
S15,baseline,ACC_magnitude,0.9170913028333427,0.009970289631641167,0.6692033073294262,1.275407488932794
S15,baseline,ecg,0.0010678313003122625,0.2989214993933343,-1.0587158203125,1.4994964599609375
S15,baseline,emg,-0.002508125838537709,0.01996367231052254,-0.27593994140625,0.2869720458984375
S15,baseline,eda,1.7956727720683832,0.2135340944119745,1.314544677734375,2.2418975830078125
S15,baseline,temp,33.646549224853516,0.1798526793718338,33.0108642578125,34.002655029296875
S15,baseline,resp,0.05824618539549297,4.2218241740545,-19.44427490234375,24.88861083984375
S15,stress,ACC_x,0.8755676552391409,0.030134377086884177,0.664199948310852,1.122999906539917
S15,stress,ACC_y,0.0798316225380959,0.06267759480653812,-0.12879997491836548,0.4665999412536621
S15,stress,ACC_z,0.009210931579305052,0.23258898870642195,-0.5382000207901001,0.4328000545501709
S15,stress,ACC_magnitude,0.9119406488011398,0.019367509477725208,0.6975590448042913,1.1759909860557145
S15,stress,ecg,0.0011522544597099842,0.2934241237855786,-1.257110595703125,1.49945068359375
S15,stress,emg,-0.002800954765500947,0.014645598817400053,-0.2699432373046875,0.3003387451171875
S15,stress,eda,3.4279489942214627,0.08657308877670464,2.9941558837890625,3.70941162109375
S15,stress,temp,34.42947769165039,0.15038418769836426,33.987457275390625,34.886260986328125
S15,stress,resp,0.04514824971711819,6.132540094686173,-18.26934814453125,28.7506103515625
S15,amusement,ACC_x,0.7859566415459512,0.029980911693954886,0.7217999696731567,0.9417999982833862
S15,amusement,ACC_y,0.020812043823450574,0.01045521725436877,-0.07740002870559692,0.07620000839233398
S15,amusement,ACC_z,-0.4942623439758512,0.055010931061622755,-0.6046000123023987,-0.26639997959136963
S15,amusement,ACC_magnitude,0.9308250783450623,0.007435786765048237,0.8150364918733725,1.0339695391853962
S15,amusement,ecg,0.0011724612679899014,0.27974137423351597,-0.47259521484375,1.4994964599609375
S15,amusement,emg,-0.0026105914137879824,0.010473588535964707,-0.24417114257812497,0.2346038818359375
S15,amusement,eda,2.487789422136298,0.07403336061531783,2.1274566650390625,2.736663818359375
S15,amusement,temp,33.973876953125,0.033553097397089005,33.79901123046875,34.2908935546875
S15,amusement,resp,0.06516760432042651,2.704765593166157,-13.69171142578125,11.74163818359375
