,acc_magnitude_mean,acc_magnitude_std,eda_mean,eda_n_scr_peaks,eda_slope,eda_std,emg_mean_abs,emg_std,hrv_mean_hr_bpm,hrv_rmssd_ms,hrv_sdnn_ms,resp_rate_per_min,resp_std,temp_mean,temp_std
acc_magnitude_mean,1.0,0.9999636159326057,0.8949940693724349,-0.18640843862238246,0.20168424634310586,0.181047548631082,0.936107995749133,0.9361218372502786,0.8666255337313991,-0.6283028480300974,-0.6587657481799504,0.34820655077062435,-0.04296352430800925,-0.010416857515870487,-0.13877648151981237
acc_magnitude_std,0.9999636159326057,1.0,0.896544649121446,-0.18601421440650687,0.2018719311912817,0.1806705546918224,0.9361252869840296,0.9361446022599671,0.8658578997526747,-0.6286196250702187,-0.6586265860958506,0.34708954376397905,-0.04400987317771458,-0.007569832525263765,-0.13911800220467713
eda_mean,0.8949940693724349,0.896544649121446,1.0,-0.17339886203901572,0.1502045719268162,0.17121080391864663,0.929225669261356,0.929411055352322,0.8472614022790292,-0.6264174763104333,-0.646543528781071,0.19854992960166082,0.08776970566951198,0.005029533164711671,-0.2211104380463042
eda_n_scr_peaks,-0.18640843862238246,-0.18601421440650687,-0.17339886203901572,1.0,-0.37375601795460134,-0.9965562531067625,-0.21801557104589253,-0.2180401810124625,-0.14848141298547457,0.13757448020916396,0.1436977294753143,0.09117280404297218,0.28240722626712805,0.08098056083124879,-0.053911129545269595
eda_slope,0.20168424634310586,0.2018719311912817,0.1502045719268162,-0.37375601795460134,1.0,0.349846055697663,0.2378736263417626,0.23804035173657945,0.17668387642895766,-0.0025640514473865834,-0.009977600398873899,0.12824151297813713,-0.1429616165061369,0.14181439418497396,0.0597029908297544
eda_std,0.181047548631082,0.1806705546918224,0.17121080391864663,-0.9965562531067625,0.349846055697663,1.0,0.21243566650432721,0.21244589497588887,0.14083586389673083,-0.14004707988712567,-0.145328430190927,-0.09243812627283514,-0.27502074156514267,-0.08955351577556157,0.051623076456302
emg_mean_abs,0.936107995749133,0.9361252869840296,0.929225669261356,-0.21801557104589253,0.2378736263417626,0.21243566650432721,1.0,0.9999949567275562,0.9284001945519341,-0.7235682900150202,-0.7562341551333851,0.1935397131173039,0.0754946688867902,-0.13709503204751983,-0.18888110512663597
emg_std,0.9361218372502786,0.9361446022599671,0.929411055352322,-0.2180401810124625,0.23804035173657945,0.21244589497588887,0.9999949567275562,1.0,0.9285698470321444,-0.7235897078148532,-0.756126575945409,0.19338414775371324,0.07561061069999545,-0.1366293983816043,-0.18897744794282398
hrv_mean_hr_bpm,0.8666255337313991,0.8658578997526747,0.8472614022790292,-0.14848141298547457,0.17668387642895766,0.14083586389673083,0.9284001945519341,0.9285698470321444,1.0,-0.7682052039098025,-0.8117397939279888,0.12177798985335735,0.12932851776553791,-0.26355809731445434,-0.14871817787751637
hrv_rmssd_ms,-0.6283028480300974,-0.6286196250702187,-0.6264174763104333,0.13757448020916396,-0.0025640514473865834,-0.14004707988712567,-0.7235682900150202,-0.7235897078148532,-0.7682052039098025,1.0,0.9888564432561328,-0.06393951203229505,-0.08939444070033008,0.407876343542179,0.20898920966199108
hrv_sdnn_ms,-0.6587657481799504,-0.6586265860958506,-0.646543528781071,0.1436977294753143,-0.009977600398873899,-0.145328430190927,-0.7562341551333851,-0.756126575945409,-0.8117397939279888,0.9888564432561328,1.0,-0.07603647905381124,-0.12466484058356264,0.4088988625046265,0.19341358494052727
resp_rate_per_min,0.34820655077062435,0.34708954376397905,0.19854992960166082,0.09117280404297218,0.12824151297813713,-0.09243812627283514,0.1935397131173039,0.19338414775371324,0.12177798985335735,-0.06393951203229505,-0.07603647905381124,1.0,-0.3183940115194242,0.2780247468434443,0.0626161041495581
resp_std,-0.04296352430800925,-0.04400987317771458,0.08776970566951198,0.28240722626712805,-0.1429616165061369,-0.27502074156514267,0.0754946688867902,0.07561061069999545,0.12932851776553791,-0.08939444070033008,-0.12466484058356264,-0.3183940115194242,1.0,-0.16767572182831458,-0.21210977742959097
temp_mean,-0.010416857515870487,-0.007569832525263765,0.005029533164711671,0.08098056083124879,0.14181439418497396,-0.08955351577556157,-0.13709503204751983,-0.1366293983816043,-0.26355809731445434,0.407876343542179,0.4088988625046265,0.2780247468434443,-0.16767572182831458,1.0,0.07565418953224577
temp_std,-0.13877648151981237,-0.13911800220467713,-0.2211104380463042,-0.053911129545269595,0.0597029908297544,0.051623076456302,-0.18888110512663597,-0.18897744794282398,-0.14871817787751637,0.20898920966199108,0.19341358494052727,0.0626161041495581,-0.21210977742959097,0.07565418953224577,1.0
